"Network","Module","GeneSymbol","EnsemblID","kME"
"Signed","blue","MLPH","ENSG00000115648.14",0.8797
"Signed","blue","ESR1","ENSG00000091831.24",0.8567
"Signed","blue","CFAP99","ENSG00000206113.11",0.85
"Signed","blue","AGR3","ENSG00000173467.9",0.8483
"Signed","blue","GATA3","ENSG00000107485.18",0.8456
"Signed","blue","FOXA1","ENSG00000129514.8",0.8438
"Signed","blue","C5AR2","ENSG00000134830.6",0.8365
"Signed","blue","XBP1","ENSG00000100219.16",0.8293
"Signed","blue","ZMYND10","ENSG00000004838.14",0.8275
"Signed","blue","KCNJ11","ENSG00000187486.5",0.8262
"Signed","blue","TBC1D9","ENSG00000109436.8",0.8241
"Signed","blue","DEGS2","ENSG00000168350.8",0.8211
"Signed","blue","ANXA9","ENSG00000143412.10",0.8145
"Signed","blue","CA12","ENSG00000074410.14",0.813
"Signed","blue","PRR15","ENSG00000176532.4",0.8101
"Signed","blue","PIERCE1","ENSG00000160345.13",0.7948
"Signed","blue","ZNF552","ENSG00000178935.5",0.7928
"Signed","blue","FBP1","ENSG00000165140.11",0.7893
"Signed","blue","LRRC46","ENSG00000141294.10",0.7889
"Signed","blue","AGR2","ENSG00000106541.12",0.7853
"Signed","green","MRPL55","ENSG00000162910.19",0.847
"Signed","green","MRPS34","ENSG00000074071.15",0.8457
"Signed","green","METTL26","ENSG00000130731.16",0.8411
"Signed","green","RPUSD1","ENSG00000007376.8",0.8388
"Signed","green","NUBP2","ENSG00000095906.17",0.8382
"Signed","green","TIMM17B","ENSG00000126768.12",0.8293
"Signed","green","COPE","ENSG00000105669.14",0.8286
"Signed","green","HSPBP1","ENSG00000133265.11",0.8281
"Signed","green","PAXX","ENSG00000148362.11",0.8273
"Signed","green","ZNHIT2","ENSG00000174276.7",0.8234
"Signed","green","SAC3D1","ENSG00000168061.17",0.8221
"Signed","green","FAM174C","ENSG00000228300.14",0.8218
"Signed","green","C1orf35","ENSG00000143793.13",0.8211
"Signed","green","ELOB","ENSG00000103363.15",0.8211
"Signed","green","ANAPC11","ENSG00000141552.18",0.8174
"Signed","green","SCAND1","ENSG00000171222.10",0.8167
"Signed","green","ROMO1","ENSG00000125995.16",0.8142
"Signed","green","SLC25A10","ENSG00000183048.12",0.8138
"Signed","green","LSM4","ENSG00000130520.11",0.8104
"Signed","green","POP7","ENSG00000172336.5",0.8095
"Signed","turquoise","CAVIN2","ENSG00000168497.5",0.8588
"Signed","turquoise","ABCA8","ENSG00000141338.14",0.8498
"Signed","turquoise","S1PR1","ENSG00000170989.10",0.8261
"Signed","turquoise","CD300LG","ENSG00000161649.13",0.8192
"Signed","turquoise","C7","ENSG00000112936.19",0.818
"Signed","turquoise","TMEM132C","ENSG00000181234.9",0.8174
"Signed","turquoise","BMX","ENSG00000102010.15",0.8166
"Signed","turquoise","CCL14","ENSG00000276409.5",0.8136
"Signed","turquoise","TNXB","ENSG00000168477.19",0.8128
"Signed","turquoise","IGF1","ENSG00000017427.17",0.8054
"Signed","turquoise","PDE2A","ENSG00000186642.16",0.8046
"Signed","turquoise","EMCN","ENSG00000164035.10",0.804
"Signed","turquoise","LHFPL6","ENSG00000183722.9",0.7999
"Signed","turquoise","DIPK2B","ENSG00000147113.17",0.7995
"Signed","turquoise","AOC3","ENSG00000131471.7",0.7944
"Signed","turquoise","JAM2","ENSG00000154721.15",0.7934
"Signed","turquoise","IL33","ENSG00000137033.11",0.7882
"Signed","turquoise","ITIH5","ENSG00000123243.15",0.7878
"Signed","turquoise","ERG","ENSG00000157554.19",0.783
"Signed","turquoise","INMT","ENSG00000241644.2",0.7818
"Signed","yellow","VCAN","ENSG00000038427.16",0.8969
"Signed","yellow","MSRB3","ENSG00000174099.12",0.8934
"Signed","yellow","CDH11","ENSG00000140937.14",0.8841
"Signed","yellow","ECM2","ENSG00000106823.12",0.8822
"Signed","yellow","ZEB1","ENSG00000148516.22",0.8815
"Signed","yellow","RECK","ENSG00000122707.12",0.8812
"Signed","yellow","ZFPM2","ENSG00000169946.14",0.8749
"Signed","yellow","FSTL1","ENSG00000163430.12",0.8678
"Signed","yellow","FAP","ENSG00000078098.14",0.8646
"Signed","yellow","COL5A2","ENSG00000204262.14",0.864
"Signed","yellow","ADAM12","ENSG00000148848.14",0.8628
"Signed","yellow","COL3A1","ENSG00000168542.16",0.8534
"Signed","yellow","RASGRF2","ENSG00000113319.13",0.8527
"Signed","yellow","DCN","ENSG00000011465.18",0.8454
"Signed","yellow","OLFML1","ENSG00000183801.8",0.8441
"Signed","yellow","LRP1","ENSG00000123384.14",0.8426
"Signed","yellow","MXRA5","ENSG00000101825.8",0.84
"Signed","yellow","CCDC80","ENSG00000091986.16",0.8398
"Signed","yellow","CCN4","ENSG00000104415.14",0.8261
"Signed","yellow","FLRT2","ENSG00000185070.11",0.8176
"Signed","black","PTPN7","ENSG00000143851.15",0.9432
"Signed","black","SNX20","ENSG00000167208.15",0.9376
"Signed","black","SIRPG","ENSG00000089012.14",0.9242
"Signed","black","SP140","ENSG00000079263.19",0.9194
"Signed","black","TIGIT","ENSG00000181847.12",0.9191
"Signed","black","CD5","ENSG00000110448.11",0.9081
"Signed","black","CD3D","ENSG00000167286.10",0.9051
"Signed","black","ICOS","ENSG00000163600.13",0.9047
"Signed","black","CXCR3","ENSG00000186810.8",0.8956
"Signed","black","TIFAB","ENSG00000255833.2",0.8927
"Signed","black","TRAT1","ENSG00000163519.14",0.8917
"Signed","black","CD6","ENSG00000013725.14",0.886
"Signed","black","LTA","ENSG00000226979.9",0.8858
"Signed","black","CTLA4","ENSG00000163599.17",0.8847
"Signed","black","FCRL3","ENSG00000160856.21",0.8772
"Signed","black","IL2RG","ENSG00000147168.13",0.8728
"Signed","black","GBP5","ENSG00000154451.14",0.87
"Signed","black","PLA2G2D","ENSG00000117215.15",0.8675
"Signed","black","PDCD1","ENSG00000188389.11",0.8601
"Signed","black","GZMB","ENSG00000100453.13",0.8591
"Signed","brown","FOXA1","ENSG00000129514.8",-0.8731
"Signed","brown","MLPH","ENSG00000115648.14",-0.8573
"Signed","brown","GATA3","ENSG00000107485.18",-0.8379
"Signed","brown","PRR15","ENSG00000176532.4",-0.8279
"Signed","brown","XBP1","ENSG00000100219.16",-0.8238
"Signed","brown","FBP1","ENSG00000165140.11",-0.8184
"Signed","brown","ESR1","ENSG00000091831.24",-0.8119
"Signed","brown","LEMD1","ENSG00000186007.10",0.7994
"Signed","brown","TBC1D9","ENSG00000109436.8",-0.7993
"Signed","brown","SPDEF","ENSG00000124664.11",-0.7991
"Signed","brown","AGR3","ENSG00000173467.9",-0.7967
"Signed","brown","AGR2","ENSG00000106541.12",-0.7907
"Signed","brown","RGMA","ENSG00000182175.14",0.7846
"Signed","brown","CA12","ENSG00000074410.14",-0.7835
"Signed","brown","CLCN4","ENSG00000073464.13",0.7824
"Signed","brown","CCDC82","ENSG00000149231.15",0.7789
"Signed","brown","C5AR2","ENSG00000134830.6",-0.7774
"Signed","brown","ART3","ENSG00000156219.17",0.7766
"Signed","brown","SLC44A4","ENSG00000204385.13",-0.7741
"Signed","brown","DEGS2","ENSG00000168350.8",-0.7726
"Signed","red","TPX2","ENSG00000088325.16",0.9468
"Signed","red","NCAPH","ENSG00000121152.10",0.9302
"Signed","red","SGO1","ENSG00000129810.15",0.9284
"Signed","red","NCAPG","ENSG00000109805.10",0.9282
"Signed","red","BUB1","ENSG00000169679.15",0.9272
"Signed","red","KIF4A","ENSG00000090889.12",0.926
"Signed","red","CCNA2","ENSG00000145386.11",0.9259
"Signed","red","CCNB2","ENSG00000157456.8",0.9243
"Signed","red","CEP55","ENSG00000138180.16",0.9234
"Signed","red","MCM10","ENSG00000065328.17",0.9226
"Signed","red","MELK","ENSG00000165304.8",0.9219
"Signed","red","HJURP","ENSG00000123485.12",0.9205
"Signed","red","SKA1","ENSG00000154839.10",0.9198
"Signed","red","KIF2C","ENSG00000142945.13",0.9178
"Signed","red","CDCA8","ENSG00000134690.11",0.9177
"Signed","red","CKAP2L","ENSG00000169607.13",0.9157
"Signed","red","CENPA","ENSG00000115163.15",0.912
"Signed","red","KIF23","ENSG00000137807.16",0.9096
"Signed","red","FOXM1","ENSG00000111206.13",0.9095
"Signed","red","DLGAP5","ENSG00000126787.13",0.9074
"Unsigned","blue","CAVIN2","ENSG00000168497.5",0.8574
"Unsigned","blue","ABCA8","ENSG00000141338.14",0.8548
"Unsigned","blue","S1PR1","ENSG00000170989.10",0.8507
"Unsigned","blue","CD300LG","ENSG00000161649.13",0.8303
"Unsigned","blue","BMX","ENSG00000102010.15",0.8237
"Unsigned","blue","AOC3","ENSG00000131471.7",0.8231
"Unsigned","blue","C7","ENSG00000112936.19",0.822
"Unsigned","blue","TNXB","ENSG00000168477.19",0.8207
"Unsigned","blue","TMEM132C","ENSG00000181234.9",0.8179
"Unsigned","blue","EMCN","ENSG00000164035.10",0.8156
"Unsigned","blue","PDE2A","ENSG00000186642.16",0.8134
"Unsigned","blue","DIPK2B","ENSG00000147113.17",0.8127
"Unsigned","blue","IGF1","ENSG00000017427.17",0.8043
"Unsigned","blue","ERG","ENSG00000157554.19",0.8039
"Unsigned","blue","CCL14","ENSG00000276409.5",0.8016
"Unsigned","blue","LHFPL6","ENSG00000183722.9",0.7988
"Unsigned","blue","IL33","ENSG00000137033.11",0.7979
"Unsigned","blue","ITIH5","ENSG00000123243.15",0.7973
"Unsigned","blue","EBF1","ENSG00000164330.17",0.794
"Unsigned","blue","JAM2","ENSG00000154721.15",0.7916
"Unsigned","red","COL5A2","ENSG00000204262.14",0.9045
"Unsigned","red","COL3A1","ENSG00000168542.16",0.904
"Unsigned","red","CDH11","ENSG00000140937.14",0.9034
"Unsigned","red","VCAN","ENSG00000038427.16",0.8925
"Unsigned","red","DCN","ENSG00000011465.18",0.8919
"Unsigned","red","FAP","ENSG00000078098.14",0.8907
"Unsigned","red","ADAM12","ENSG00000148848.14",0.8891
"Unsigned","red","FSTL1","ENSG00000163430.12",0.8875
"Unsigned","red","MSRB3","ENSG00000174099.12",0.8846
"Unsigned","red","COL1A2","ENSG00000164692.18",0.8827
"Unsigned","red","OLFML1","ENSG00000183801.8",0.8795
"Unsigned","red","ECM2","ENSG00000106823.12",0.8769
"Unsigned","red","RECK","ENSG00000122707.12",0.8716
"Unsigned","red","ZFPM2","ENSG00000169946.14",0.8634
"Unsigned","red","CCDC80","ENSG00000091986.16",0.8613
"Unsigned","red","CCN4","ENSG00000104415.14",0.8597
"Unsigned","red","MXRA5","ENSG00000101825.8",0.8554
"Unsigned","red","POSTN","ENSG00000133110.15",0.8508
"Unsigned","red","LRP1","ENSG00000123384.14",0.8508
"Unsigned","red","RASGRF2","ENSG00000113319.13",0.8502
"Unsigned","black","PTPN7","ENSG00000143851.15",0.9443
"Unsigned","black","SNX20","ENSG00000167208.15",0.9373
"Unsigned","black","SIRPG","ENSG00000089012.14",0.9277
"Unsigned","black","TIGIT","ENSG00000181847.12",0.9209
"Unsigned","black","SP140","ENSG00000079263.19",0.9208
"Unsigned","black","CD5","ENSG00000110448.11",0.9103
"Unsigned","black","CD3D","ENSG00000167286.10",0.9097
"Unsigned","black","ICOS","ENSG00000163600.13",0.9058
"Unsigned","black","CXCR3","ENSG00000186810.8",0.8999
"Unsigned","black","TRAT1","ENSG00000163519.14",0.8944
"Unsigned","black","TIFAB","ENSG00000255833.2",0.8942
"Unsigned","black","LTA","ENSG00000226979.9",0.8887
"Unsigned","black","CD6","ENSG00000013725.14",0.8872
"Unsigned","black","CTLA4","ENSG00000163599.17",0.8855
"Unsigned","black","FCRL3","ENSG00000160856.21",0.8808
"Unsigned","black","IL2RG","ENSG00000147168.13",0.8764
"Unsigned","black","PLA2G2D","ENSG00000117215.15",0.8719
"Unsigned","black","GBP5","ENSG00000154451.14",0.8684
"Unsigned","black","PDCD1","ENSG00000188389.11",0.8638
"Unsigned","black","GZMB","ENSG00000100453.13",0.8604
"Unsigned","turquoise","FOXA1","ENSG00000129514.8",-0.9049
"Unsigned","turquoise","MLPH","ENSG00000115648.14",-0.8889
"Unsigned","turquoise","ESR1","ENSG00000091831.24",-0.8883
"Unsigned","turquoise","TBC1D9","ENSG00000109436.8",-0.8837
"Unsigned","turquoise","XBP1","ENSG00000100219.16",-0.8733
"Unsigned","turquoise","AGR3","ENSG00000173467.9",-0.8701
"Unsigned","turquoise","GATA3","ENSG00000107485.18",-0.8645
"Unsigned","turquoise","CA12","ENSG00000074410.14",-0.851
"Unsigned","turquoise","C5AR2","ENSG00000134830.6",-0.8449
"Unsigned","turquoise","PRR15","ENSG00000176532.4",-0.8367
"Unsigned","turquoise","AGR2","ENSG00000106541.12",-0.8276
"Unsigned","turquoise","SLC44A4","ENSG00000204385.13",-0.819
"Unsigned","turquoise","FBP1","ENSG00000165140.11",-0.8176
"Unsigned","turquoise","ZNF552","ENSG00000178935.5",-0.8176
"Unsigned","turquoise","KCNJ11","ENSG00000187486.5",-0.801
"Unsigned","turquoise","DEGS2","ENSG00000168350.8",-0.7987
"Unsigned","turquoise","CFAP99","ENSG00000206113.11",-0.797
"Unsigned","turquoise","SLC7A8","ENSG00000092068.20",-0.7926
"Unsigned","turquoise","SPDEF","ENSG00000124664.11",-0.789
"Unsigned","turquoise","TFF3","ENSG00000160180.15",-0.7877
"Unsigned","yellow","TPX2","ENSG00000088325.16",0.9396
"Unsigned","yellow","NCAPG","ENSG00000109805.10",0.9285
"Unsigned","yellow","BUB1","ENSG00000169679.15",0.926
"Unsigned","yellow","NCAPH","ENSG00000121152.10",0.923
"Unsigned","yellow","SGO1","ENSG00000129810.15",0.9227
"Unsigned","yellow","CCNA2","ENSG00000145386.11",0.9224
"Unsigned","yellow","CEP55","ENSG00000138180.16",0.9208
"Unsigned","yellow","KIF4A","ENSG00000090889.12",0.9192
"Unsigned","yellow","MCM10","ENSG00000065328.17",0.919
"Unsigned","yellow","CKAP2L","ENSG00000169607.13",0.917
"Unsigned","yellow","MELK","ENSG00000165304.8",0.9154
"Unsigned","yellow","CCNB2","ENSG00000157456.8",0.9107
"Unsigned","yellow","SKA1","ENSG00000154839.10",0.9098
"Unsigned","yellow","CDCA8","ENSG00000134690.11",0.9081
"Unsigned","yellow","KIF23","ENSG00000137807.16",0.9075
"Unsigned","yellow","HJURP","ENSG00000123485.12",0.9069
"Unsigned","yellow","TTK","ENSG00000112742.10",0.9032
"Unsigned","yellow","FOXM1","ENSG00000111206.13",0.9025
"Unsigned","yellow","DLGAP5","ENSG00000126787.13",0.9024
"Unsigned","yellow","KIF2C","ENSG00000142945.13",0.902
"Unsigned","pink","APOBEC4","ENSG00000173627.8",0.8812
"Unsigned","pink","CFAP107","ENSG00000157330.10",0.8536
"Unsigned","pink","TEKT1","ENSG00000167858.13",0.8474
"Unsigned","pink","ZBBX","ENSG00000169064.13",0.8404
"Unsigned","pink","WDR38","ENSG00000136918.8",0.8377
"Unsigned","pink","CDHR4","ENSG00000187492.9",0.831
"Unsigned","pink","CDC20B","ENSG00000164287.13",0.8219
"Unsigned","pink","AKAP14","ENSG00000186471.13",0.8208
"Unsigned","pink","MAP3K19","ENSG00000176601.13",0.8205
"Unsigned","pink","CIMIP1","ENSG00000124237.6",0.8161
"Unsigned","pink","FOXN4","ENSG00000139445.18",0.7987
"Unsigned","pink","ADGB","ENSG00000118492.17",0.7968
"Unsigned","pink","KNCN","ENSG00000162456.10",0.7944
"Unsigned","pink","DNAAF6","ENSG00000080572.13",0.7919
"Unsigned","pink","ROPN1L","ENSG00000145491.12",0.7813
"Unsigned","pink","TUBA4B","ENSG00000243910.8",0.7739
"Unsigned","pink","CFAP276","ENSG00000179902.13",0.7721
"Unsigned","pink","CFAP141","ENSG00000163263.7",0.7652
"Unsigned","pink","C7orf57","ENSG00000164746.14",0.7521
"Unsigned","pink","FOXJ1","ENSG00000129654.8",0.75
"Unsigned","brown","SAC3D1","ENSG00000168061.17",0.8446
"Unsigned","brown","MRPL55","ENSG00000162910.19",0.8373
"Unsigned","brown","PAXX","ENSG00000148362.11",0.8297
"Unsigned","brown","HSPBP1","ENSG00000133265.11",0.8265
"Unsigned","brown","TIMM17B","ENSG00000126768.12",0.8232
"Unsigned","brown","COPE","ENSG00000105669.14",0.8231
"Unsigned","brown","LSM4","ENSG00000130520.11",0.822
"Unsigned","brown","ANAPC11","ENSG00000141552.18",0.8216
"Unsigned","brown","POP7","ENSG00000172336.5",0.821
"Unsigned","brown","METTL26","ENSG00000130731.16",0.8206
"Unsigned","brown","EXOSC4","ENSG00000178896.9",0.8183
"Unsigned","brown","RPUSD1","ENSG00000007376.8",0.8179
"Unsigned","brown","ROMO1","ENSG00000125995.16",0.8166
"Unsigned","brown","C1orf35","ENSG00000143793.13",0.8158
"Unsigned","brown","FAT4","ENSG00000196159.14",-0.8135
"Unsigned","brown","SLC25A10","ENSG00000183048.12",0.8135
"Unsigned","brown","YDJC","ENSG00000161179.14",0.8128
"Unsigned","brown","MRPS34","ENSG00000074071.15",0.8109
"Unsigned","brown","PSMG3","ENSG00000157778.9",0.809
"Unsigned","brown","FAM174C","ENSG00000228300.14",0.8088
"Unsigned","green","MAML2","ENSG00000184384.14",-0.8699
"Unsigned","green","CCDC82","ENSG00000149231.15",-0.8451
"Unsigned","green","HYCC1","ENSG00000122591.12",-0.8413
"Unsigned","green","PIGQ","ENSG00000007541.17",0.8222
"Unsigned","green","ACSL4","ENSG00000068366.20",-0.8148
"Unsigned","green","SIGIRR","ENSG00000185187.13",0.8021
"Unsigned","green","ROGDI","ENSG00000067836.13",0.8019
"Unsigned","green","FLYWCH2","ENSG00000162076.13",0.7983
"Unsigned","green","NME3","ENSG00000103024.7",0.7913
"Unsigned","green","NECAB3","ENSG00000125967.17",0.7847
"Unsigned","green","QKI","ENSG00000112531.17",-0.7804
"Unsigned","green","NUDT16L1","ENSG00000168101.14",0.7768
"Unsigned","green","CCDC24","ENSG00000159214.13",0.7734
"Unsigned","green","RAB40C","ENSG00000197562.10",0.773
"Unsigned","green","EGFR","ENSG00000146648.19",-0.7723
"Unsigned","green","DMD","ENSG00000198947.16",-0.7713
"Unsigned","green","CYRIA","ENSG00000197872.11",-0.7683
"Unsigned","green","GAMT","ENSG00000130005.13",0.7667
"Unsigned","green","FMNL2","ENSG00000157827.20",-0.7642
"Unsigned","green","PLAGL1","ENSG00000118495.20",-0.7624
